epoch,loss_avg,loss_test,acc_test,best_acc
0.0,1.5906234299550293,2.262044645690918,19.57,19.57
1.0,1.8763898393564058,2.27907827796936,17.91,19.57
2.0,1.9570376133514664,2.2558734523773194,20.16,20.16
3.0,1.572534618135226,2.2686590198516847,18.71,20.16
4.0,1.4628938573305725,2.2615233139038087,19.72,20.16
5.0,1.4796493986196686,2.2736268894195555,18.6,20.16
6.0,1.4648927737090545,2.260339114379883,19.28,20.16
7.0,1.5258566429740505,2.275333047103882,18.4,20.16
