epoch,loss_avg,loss_test,acc_test,best_acc
4.0,2.263782371679942,2.2499233348846435,41.37,41.37
9.0,1.6611567018826803,1.675965209197998,79.94,79.94
